symbol,name,price,market_cap,volume_24h,price_change_24h,price_change_7d,rsi,score,reason,timestamp
HYPE,Hyperliquid,40.56,13546601154,251799085.0,8.13347,0,45.67617284224632,50,"价格趋势上升信号, 市场走势: 强势上升",20250630_133833
PNUT,Peanut the Squirrel,0.232432,232274711,124387756.0,7.15917,0,54.57334311800418,50,"价格趋势上升信号, 市场走势: 强势上升",20250630_133833
BERA,Berachain,1.79,214565267,35324000.0,5.29894,0,38.36863668830881,50,"价格趋势上升信号, 市场走势: 强势上升",20250630_133833
ARKM,Arkham,0.47254,208878204,33864370.0,5.11203,0,49.592105237168084,50,"价格趋势上升信号, 市场走势: 强势上升",20250630_133833
EUL,Euler,11.13,208252875,1868832.0,7.21239,0,71.68839609897762,50,"价格趋势上升信号, 市场走势: 强势上升",20250630_133833
USELESS,Useless Coin,0.189929,190017065,20647795.0,20.00538,0,86.32476919026676,50,"价格趋势上升信号, 市场走势: 强势上升",20250630_133833
ROSE,Oasis,0.02544953,188064817,7873684.0,8.12571,0,53.01341151422846,50,"价格趋势上升信号, 市场走势: 强势上升",20250630_133833
TRAC,OriginTrail,0.340149,170011131,2098244.0,10.01212,0,41.00680645827291,50,"价格趋势上升信号, 市场走势: 强势上升",20250630_133833
AI16Z,ai16z,0.151496,166648148,42996529.0,6.23298,0,40.24034851306264,50,"价格趋势上升信号, 市场走势: 强势上升",20250630_133833
NEIRO,Neiro,0.00038487,161716310,63705499.0,6.91498,0,48.151792326146506,50,"价格趋势上升信号, 市场走势: 强势上升",20250630_133833
ORDI,ORDI,7.63,160238636,41871929.0,6.26881,0,46.062084774881036,50,"价格趋势上升信号, 市场走势: 强势上升",20250630_133833
MOODENG,Moo Deng,0.155749,154263426,87749626.0,7.15239,0,50.39900809648453,50,"价格趋势上升信号, 市场走势: 强势上升",20250630_133833
LAUNCHCOIN,Launch Coin on Believe,0.152667,151737925,42498192.0,33.89147,0,49.916104971213194,50,"价格趋势上升信号, 市场走势: 强势上升",20250630_133833
IBERA,Infrared Bera,1.71,145779548,182463.0,6.16998,0,39.16223929355935,50,"价格趋势上升信号, 市场走势: 强势上升",20250630_133833
DRIFT,Drift Protocol,0.417665,142031372,41571818.0,7.48409,0,42.04427522636047,50,"价格趋势上升信号, 市场走势: 强势上升",20250630_133833
NPC,Non-Playable Coin,0.01570484,126425911,3666775.0,6.14256,0,55.06402342881063,50,"价格趋势上升信号, 市场走势: 强势上升",20250630_133833
COTI,COTI,0.053025,116602584,11429160.0,6.01983,0,53.713954507017576,50,"价格趋势上升信号, 市场走势: 强势上升",20250630_133833
GOAT,Goatseus Maximus,0.101129,101134869,15217495.0,5.0094,0,47.75260823854669,50,"价格趋势上升信号, 市场走势: 强势上升",20250630_133833
PROM,Prom,5.52,100688922,6050585.0,9.45569,0,55.29300683649962,50,"价格趋势上升信号, 市场走势: 强势上升",20250630_133833
METIS,Metis,15.21,97653308,10043610.0,5.27524,0,42.985833062964005,50,"价格趋势上升信号, 市场走势: 强势上升",20250630_133833
VVV,Venice Token,3.08,96964715,6808576.0,8.235,0,48.8209386779788,50,"价格趋势上升信号, 市场走势: 强势上升",20250630_133833
PEOPLE,ConstitutionDAO,0.0183603,93000728,29585072.0,5.9229,0,46.535833314903876,50,"价格趋势上升信号, 市场走势: 强势上升",20250630_133833
PEPE,Pepe,9.99e-06,4204572881,749608371.0,5.76267,0,44.475718917560236,50,"价格趋势上升信号, 市场走势: 强势上升",20250630_133833
ZRO,LayerZero,1.95,216371462,50144207.0,8.7121,0,50.88073601910397,50,"价格趋势上升信号, 市场走势: 强势上升",20250630_133833
PRIME,Echelon Prime,2.49,156408214,7007704.0,14.22453,0,52.187697084358874,50,"价格趋势上升信号, 市场走势: 强势上升",20250630_133833
TFUEL,Theta Fuel,0.03442881,240569429,11421596.0,9.04098,0,53.07658335353726,50,"价格趋势上升信号, 市场走势: 强势上升",20250630_133833
WAL,Walrus,0.417053,562621177,33981755.0,7.14179,0,41.31715458510314,50,"价格趋势上升信号, 市场走势: 强势上升",20250630_133833
AAVE,Aave,274.15,4159178097,490479998.0,6.81823,0,48.936503649822114,50,"价格趋势上升信号, 市场走势: 强势上升",20250630_133833
SUPER,SuperVerse,0.667117,301315545,20558733.0,6.24984,0,53.03044822366616,50,"价格趋势上升信号, 市场走势: 强势上升",20250630_133833
ARB,Arbitrum,0.360612,1789470494,666121034.0,17.84852,0,60.233886138972146,50,"价格趋势上升信号, 市场走势: 强势上升",20250630_133833
FARTCOIN,Fartcoin,1.15,1145876164,174956879.0,5.66461,0,47.59434962723829,50,"价格趋势上升信号, 市场走势: 强势上升",20250630_133833
VIRTUAL,Virtuals Protocol,1.59,1042180102,193487005.0,7.37927,0,40.7251244582261,50,"价格趋势上升信号, 市场走势: 强势上升",20250630_133833
OP,Optimism,0.582619,1020737949,217892102.0,5.65892,0,49.645575310864146,50,"价格趋势上升信号, 市场走势: 强势上升",20250630_133833
PENGU,Pudgy Penguins,0.0144546,907104157,479468815.0,10.97675,0,73.72077502116483,50,"价格趋势上升信号, 市场走势: 强势上升",20250630_133833
IMX,Immutable,0.455771,850990804,73716337.0,6.58123,0,50.42115335972467,50,"价格趋势上升信号, 市场走势: 强势上升",20250630_133833
PYTH,Pyth Network,0.10722,616512693,80420560.0,10.26769,0,48.5703937425062,50,"价格趋势上升信号, 市场走势: 强势上升",20250630_133833
WHYPE,Wrapped HYPE,40.52,612603401,30373336.0,7.99035,0,46.570180740381595,50,"价格趋势上升信号, 市场走势: 强势上升",20250630_133833
WIF,dogwifhat,0.860675,859698569,366949261.0,5.34617,0,52.419636339748074,50,"价格趋势上升信号, 市场走势: 强势上升",20250630_133833
STHYPE,Staked HYPE,40.51,480636379,451326.0,8.0083,0,44.6468584956299,50,"价格趋势上升信号, 市场走势: 强势上升",20250630_133833
KAITO,KAITO,1.64,394394425,66936741.0,6.15826,0,61.902880022129644,50,"价格趋势上升信号, 市场走势: 强势上升",20250630_133833
BEAM,Beam,0.0058408,306666944,20360246.0,6.65644,0,50.286649060568564,50,"价格趋势上升信号, 市场走势: 强势上升",20250630_133833
EIGEN,EigenCloud (prev. EigenLayer),1.18,366263100,61508418.0,9.45216,0,47.620443463892784,50,"价格趋势上升信号, 市场走势: 强势上升",20250630_133833
ETHFI,Ether.fi,0.99995,374785928,117330568.0,9.50523,0,43.139536153781044,50,"价格趋势上升信号, 市场走势: 强势上升",20250630_133833
VENOM,Venom,0.182408,380407965,1569932.0,7.16867,0,70.42933492109132,50,"价格趋势上升信号, 市场走势: 强势上升",20250630_133833
ZK,ZKsync,0.04862192,344602484,30897985.0,5.52248,0,49.513776069556116,50,"价格趋势上升信号, 市场走势: 强势上升",20250630_133833
STRK,Starknet,0.119774,401369210,27171093.0,6.29284,0,48.72819520768439,50,"价格趋势上升信号, 市场走势: 强势上升",20250630_133833
MOG,Mog Coin,1.05e-06,409275818,26382249.0,15.75954,0,54.8940355361536,50,"价格趋势上升信号, 市场走势: 强势上升",20250630_133833
BRETT,Brett,0.04409081,437090081,25106724.0,6.05119,0,47.307556062773216,50,"价格趋势上升信号, 市场走势: 强势上升",20250630_133833
BLUR,Blur,0.073367,176304489,13804950.0,2.0361,0,42.25003331964717,45,"价格趋势上升信号, 市场走势: 强势上升",20250630_133833
POLYX,Polymesh,0.125692,147751875,2786266.0,1.7844,0,44.04950671708512,45,"价格趋势上升信号, 市场走势: 强势上升",20250630_133833
ONE,Harmony,0.01020569,149469239,6730658.0,3.19743,0,43.83920293851048,45,"价格趋势上升信号, 市场走势: 强势上升",20250630_133833
HOT,Holo,0.00084872,150859434,5833691.0,2.59987,0,44.346335332884344,45,"价格趋势上升信号, 市场走势: 强势上升",20250630_133833
FLUID,Fluid,3.96,156068777,1613216.0,0.70006,0,60.64568920737388,45,"价格趋势上升信号, 市场走势: 强势上升",20250630_133833
ZETA,ZetaChain,0.180476,158493794,8590576.0,2.74769,0,41.14937136368195,45,"价格趋势上升信号, 市场走势: 强势上升",20250630_133833
AIC,AI Companions,0.160025,160249652,6631358.0,-10.67473,0,66.1750616697446,45,"价格趋势上升信号, 市场走势: 强势上升",20250630_133833
SKORAI,SKOR AI,0.183914,160650626,505784.0,-0.34635,0,77.52979033758217,45,"价格趋势上升信号, 市场走势: 强势上升",20250630_133833
KOGE,KOGE,48.03,162803174,128354354.0,0.04894,0,95.56209578325823,45,"价格趋势上升信号, 市场走势: 强势上升",20250630_133833
CKB,Nervos Network,0.00349023,163211868,9064876.0,3.19561,0,42.97555428614893,45,"价格趋势上升信号, 市场走势: 强势上升",20250630_133833
SOL,Binance-Peg SOL,150.98,166066977,2682121.0,0.88183,0,48.87252339005794,45,"价格趋势上升信号, 市场走势: 强势上升",20250630_133833
DSOL,Drift Staked SOL,169.38,244592956,128780.0,0.75811,0,49.13839274775822,45,"价格趋势上升信号, 市场走势: 强势上升",20250630_133833
VTHO,VeThor,0.00197692,180053228,2121845.0,2.84129,0,46.56087781465652,45,"价格趋势上升信号, 市场走势: 强势上升",20250630_133833
WFRAGSOL,Wrapped fragSOL,158.03,183433782,2355221.0,0.91896,0,48.38221150049211,45,"价格趋势上升信号, 市场走势: 强势上升",20250630_133833
NOT,Notcoin,0.00185207,189794438,18618448.0,2.46423,0,38.46316999244285,45,"价格趋势上升信号, 市场走势: 强势上升",20250630_133833
BAT,Basic Attention,0.128979,193080675,8894155.0,1.32897,0,52.157513531286185,45,"价格趋势上升信号, 市场走势: 强势上升",20250630_133833
TOSHI,Toshi,0.00047011,197798300,11011046.0,3.624,0,42.345011712158474,45,"价格趋势上升信号, 市场走势: 强势上升",20250630_133833
BABYDOGE,Baby Doge Coin,1.184e-09,198816281,8753274.0,2.43087,0,40.71602685884634,45,"价格趋势上升信号, 市场走势: 强势上升",20250630_133833
SNX,Synthetix Network,0.593624,203986639,10587501.0,2.19762,0,46.43919815420193,45,"价格趋势上升信号, 市场走势: 强势上升",20250630_133833
MINA,Mina Protocol,0.175179,217181720,9827793.0,2.98057,0,46.5785223502103,45,"价格趋势上升信号, 市场走势: 强势上升",20250630_133833
MEW,cat in a dogs world,0.00271996,241775598,22933815.0,2.16484,0,46.52598729044851,45,"价格趋势上升信号, 市场走势: 强势上升",20250630_133833
SAVAX,BENQI Liquid Staked AVAX,22.06,243797374,736944.0,1.90948,0,43.70527589354757,45,"价格趋势上升信号, 市场走势: 强势上升",20250630_133833
ZANO,Zano,9.79,145071590,3051173.0,3.74015,0,48.6553995989563,45,"价格趋势上升信号, 市场走势: 强势上升",20250630_133833
ETHW,EthereumPoW,1.35,145861335,4383194.0,2.39183,0,43.156296189406035,45,"价格趋势上升信号, 市场走势: 强势上升",20250630_133833
XVG,Verge,0.00540674,89307559,4466344.0,4.5265,0,54.65008814079885,45,"价格趋势上升信号, 市场走势: 强势上升",20250630_133833
COW,CoW Protocol,0.289362,140767954,14763118.0,3.45112,0,32.345972892351,45,"价格趋势上升信号, 市场走势: 强势上升",20250630_133833
TRB,Tellor Tributes,38.34,102986463,21774752.0,4.85638,0,39.60067870242392,45,"价格趋势上升信号, 市场走势: 强势上升",20250630_133833
INC,Incrypt,0.01379054,88752547,79385.0,0.35917,0,62.88828649201834,45,"价格趋势上升信号, 市场走势: 强势上升",20250630_133833
SAFE,Safe,0.414227,251202483,8256492.0,4.39012,0,44.384614275110756,45,"价格趋势上升信号, 市场走势: 强势上升",20250630_133833
STS,Beets Staked Sonic,0.330243,90136234,3310447.0,3.79681,0,45.9963725006499,45,"价格趋势上升信号, 市场走势: 强势上升",20250630_133833
HSK,HashKey Platform Token,0.681063,90372767,15296557.0,-7.37713,0,69.59663323840022,45,"价格趋势上升信号, 市场走势: 强势上升",20250630_133833
CPOOL,Clearpool,0.120916,94337015,3269502.0,0.84794,0,50.16696951328806,45,"价格趋势上升信号, 市场走势: 强势上升",20250630_133833
BIO,Bio Protocol,0.05257,94477071,13471493.0,1.38626,0,46.58224506973921,45,"价格趋势上升信号, 市场走势: 强势上升",20250630_133833
COOKIE,Cookie DAO,0.173214,94834595,15619043.0,1.3985,0,38.8573828018793,45,"价格趋势上升信号, 市场走势: 强势上升",20250630_133833
SSOL,Solayer Staked SOL,164.35,98817158,623688.0,0.7148,0,49.04524178707617,45,"价格趋势上升信号, 市场走势: 强势上升",20250630_133833
BIGTIME,Big Time,0.052706,100577653,25128455.0,1.76879,0,43.170205515765915,45,"价格趋势上升信号, 市场走势: 强势上升",20250630_133833
VELO,Velo,0.01369672,102471077,178831581.0,0.95474,0,57.186285940437415,45,"价格趋势上升信号, 市场走势: 强势上升",20250630_133833
SKL,SKALE,0.01877176,108496996,5719557.0,4.00472,0,44.74782584639255,45,"价格趋势上升信号, 市场走势: 强势上升",20250630_133833
GMT,GMT,0.04445679,130504609,23260041.0,4.50509,0,43.2055806034377,45,"价格趋势上升信号, 市场走势: 强势上升",20250630_133833
BOME,BOOK OF MEME,0.00158262,109181079,33327633.0,4.18439,0,47.99353966686522,45,"价格趋势上升信号, 市场走势: 强势上升",20250630_133833
ALCH,Alchemist AI,0.130941,111276691,12295452.0,2.59118,0,59.89899958948257,45,"价格趋势上升信号, 市场走势: 强势上升",20250630_133833
ORCA,Orca,1.98,118970504,10884162.0,2.57572,0,38.057015448884925,45,"价格趋势上升信号, 市场走势: 强势上升",20250630_133833
SUSHI,Sushi,0.620779,119603786,20916146.0,4.45258,0,46.096008282245215,45,"价格趋势上升信号, 市场走势: 强势上升",20250630_133833
ENJ,Enjin Coin,0.066418,123114462,10459701.0,2.4416,0,45.69606379500994,45,"价格趋势上升信号, 市场走势: 强势上升",20250630_133833
ZEN,Horizen,7.67,123584023,9376308.0,3.18549,0,35.840651479829475,45,"价格趋势上升信号, 市场走势: 强势上升",20250630_133833
REI,Rei,0.124316,124335631,823681.0,-2.48318,0,55.464289047122016,45,"价格趋势上升信号, 市场走势: 强势上升",20250630_133833
BANANAS31,Banana For Scale,0.01260595,125737059,120892794.0,-2.12582,0,65.17402136347226,45,"价格趋势上升信号, 市场走势: 强势上升",20250630_133833
WOO,WOO,0.06726,128541064,6733468.0,2.85525,0,45.86464942944483,45,"价格趋势上升信号, 市场走势: 强势上升",20250630_133833
KDA,Kadena,0.405097,130157997,4980866.0,2.35063,0,47.95828097893672,45,"价格趋势上升信号, 市场走势: 强势上升",20250630_133833
DASH,Dash,20.26,249491037,15890936.0,2.34518,0,49.85157829774882,45,"价格趋势上升信号, 市场走势: 强势上升",20250630_133833
IO,io.net,0.727367,120634989,29783730.0,3.79718,0,53.36928345961689,45,"价格趋势上升信号, 市场走势: 强势上升",20250630_133833
TURBO,Turbo,0.00382551,263948618,33416423.0,3.7621,0,52.458653090381546,45,"价格趋势上升信号, 市场走势: 强势上升",20250630_133833
IP,Story,3.08,880551657,18069608.0,2.32433,0,43.23747909433226,45,"价格趋势上升信号, 市场走势: 强势上升",20250630_133833
BONK,Bonk,1.458e-05,1128672160,166559859.0,0.8745,0,49.187588962652704,45,"价格趋势上升信号, 市场走势: 强势上升",20250630_133833
JUP,Jupiter,0.450611,1329377404,67795883.0,1.84996,0,56.49658275571661,45,"价格趋势上升信号, 市场走势: 强势上升",20250630_133833
BNSOL,Binance Staked SOL,159.75,1379899065,1641315.0,0.76342,0,50.495072764653244,45,"价格趋势上升信号, 市场走势: 强势上升",20250630_133833
WLD,Worldcoin,0.918078,1533917104,121040508.0,3.15049,0,45.549263713780924,45,"价格趋势上升信号, 市场走势: 强势上升",20250630_133833
ALGO,Algorand,0.182063,1573730142,44856911.0,2.9792,0,54.374556465011814,45,"价格趋势上升信号, 市场走势: 强势上升",20250630_133833
FIL,Filecoin,2.33,1576183209,143399825.0,2.88166,0,42.590565698163886,45,"价格趋势上升信号, 市场走势: 强势上升",20250630_133833
QNT,Quant,109.48,1591733531,14262416.0,0.79444,0,54.644131505657725,45,"价格趋势上升信号, 市场走势: 强势上升",20250630_133833
POL,POL (ex-MATIC),0.182473,1642637030,56960926.0,3.24593,0,36.30043410670256,45,"价格趋势上升信号, 市场走势: 强势上升",20250630_133833
ENA,Ethena,0.270598,1647819991,147391122.0,3.71507,0,42.57417866556129,45,"价格趋势上升信号, 市场走势: 强势上升",20250630_133833
SEI,Sei,0.299566,1663771559,307734867.0,3.14305,0,73.91759691087307,45,"价格趋势上升信号, 市场走势: 强势上升",20250630_133833
RENDER,Render,3.31,1712638901,74310314.0,3.18843,0,46.83084521798452,45,"价格趋势上升信号, 市场走势: 强势上升",20250630_133833
FET,Artificial Superintelligence Alliance,0.692459,1804330569,105314735.0,1.77744,0,49.75608961496234,45,"价格趋势上升信号, 市场走势: 强势上升",20250630_133833
ATOM,Cosmos Hub,4.14,1889177548,70727061.0,4.08702,0,49.58869284594413,45,"价格趋势上升信号, 市场走势: 强势上升",20250630_133833
KAS,Kaspa,0.077018,2032826938,56417760.0,-0.55508,0,51.06247972802482,45,"价格趋势上升信号, 市场走势: 强势上升",20250630_133833
ONDO,Ondo,0.77667,2454956434,89530021.0,2.48076,0,47.81110201624801,45,"价格趋势上升信号, 市场走势: 强势上升",20250630_133833
NEAR,NEAR Protocol,2.19,2695184359,146543239.0,2.67383,0,46.20009267218013,45,"价格趋势上升信号, 市场走势: 强势上升",20250630_133833
JITOSOL,Jito Staked SOL,182.9,2707857342,27546339.0,0.79001,0,50.0030814526178,45,"价格趋势上升信号, 市场走势: 强势上升",20250630_133833
TAO,Bittensor,337.97,3011699274,79066331.0,1.88944,0,41.90352827127954,45,"价格趋势上升信号, 市场走势: 强势上升",20250630_133833
HBAR,Hedera,0.150646,6385654145,113491586.0,2.66139,0,47.34894825529133,45,"价格趋势上升信号, 市场走势: 强势上升",20250630_133833
AVAX,Avalanche,18.21,7686927536,253458082.0,1.9769,0,43.49091902965156,45,"价格趋势上升信号, 市场走势: 强势上升",20250630_133833
SUI,Sui,2.81,9571343512,771630821.0,1.48263,0,43.71556576043308,45,"价格趋势上升信号, 市场走势: 强势上升",20250630_133833
SOL,Solana,150.74,80583515012,3297491934.0,0.72677,0,49.406088082741206,45,"价格趋势上升信号, 市场走势: 强势上升",20250630_133833
MATIC,Polygon,0.182619,266534797,1078931.0,3.20632,0,35.98564058230947,45,"价格趋势上升信号, 市场走势: 强势上升",20250630_133833
S,Sonic,0.323573,1027438988,75622564.0,3.97004,0,46.85567213470164,45,"价格趋势上升信号, 市场走势: 强势上升",20250630_133833
VET,VeChain,0.02136309,1837681341,24468921.0,1.92156,0,44.85750145896821,45,"价格趋势上升信号, 市场走势: 强势上升",20250630_133833
GRT,The Graph,0.085465,844248033,22437916.0,1.60654,0,47.42895029239915,45,"价格趋势上升信号, 市场走势: 强势上升",20250630_133833
LPT,Livepeer,6.44,269543559,95873605.0,-7.31091,0,47.97764870313943,45,"价格趋势上升信号, 市场走势: 强势上升",20250630_133833
WAVAX,Wrapped AVAX,18.19,284544231,19778717.0,1.94073,0,43.30117268204194,45,"价格趋势上升信号, 市场走势: 强势上升",20250630_133833
POPCAT,Popcat,0.305392,299579947,40173813.0,1.81208,0,48.07423097560061,45,"价格趋势上升信号, 市场走势: 强势上升",20250630_133833
BBSOL,Bybit Staked SOL,164.45,327274280,2845113.0,0.74614,0,49.868581916978215,45,"价格趋势上升信号, 市场走势: 强势上升",20250630_133833
W,Wormhole,0.074034,344172291,64882845.0,-2.30941,0,55.20503256241047,45,"价格趋势上升信号, 市场走势: 强势上升",20250630_133833
AR,Arweave,5.29,345949228,33032468.0,4.7064,0,41.564514683191334,45,"价格趋势上升信号, 市场走势: 强势上升",20250630_133833
DEEP,DeepBook,0.138548,346712057,12962840.0,1.44455,0,48.26345630362091,45,"价格趋势上升信号, 市场走势: 强势上升",20250630_133833
CFX,Conflux,0.075654,385546230,19841869.0,4.10869,0,49.54070729049132,45,"价格趋势上升信号, 市场走势: 强势上升",20250630_133833
DYDX,dYdX,0.528433,394270420,13371821.0,4.61146,0,53.314069468688835,45,"价格趋势上升信号, 市场走势: 强势上升",20250630_133833
RSR,Reserve Rights,0.00686723,398037247,19145435.0,0.38297,0,49.64090201970116,45,"价格趋势上升信号, 市场走势: 强势上升",20250630_133833
HNT,Helium,2.32,426677096,3602830.0,0.43404,0,45.70356173231276,45,"价格趋势上升信号, 市场走势: 强势上升",20250630_133833
RUNE,THORChain,1.38,485093086,90072898.0,3.0556,0,38.95009174388562,45,"价格趋势上升信号, 市场走势: 强势上升",20250630_133833
RAY,Raydium,2.13,569062175,47666301.0,2.15555,0,48.345686692367465,45,"价格趋势上升信号, 市场走势: 强势上升",20250630_133833
PENDLE,Pendle,3.64,593568935,33735740.0,3.58723,0,40.32333190022995,45,"价格趋势上升信号, 市场走势: 强势上升",20250630_133833
IOTA,IOTA,0.159726,617092134,7490283.0,1.85052,0,42.96849252506135,45,"价格趋势上升信号, 市场走势: 强势上升",20250630_133833
JASMY,JasmyCoin,0.01350692,654246831,25517844.0,2.4074,0,51.38298632848642,45,"价格趋势上升信号, 市场走势: 强势上升",20250630_133833
GALA,GALA,0.01452891,654671441,76996188.0,4.96962,0,47.18952604800564,45,"价格趋势上升信号, 市场走势: 强势上升",20250630_133833
LDO,Lido DAO,0.752457,674924928,56842016.0,4.85269,0,39.778884532961314,45,"价格趋势上升信号, 市场走势: 强势上升",20250630_133833
THETA,Theta Network,0.696376,696689710,19698405.0,4.6045,0,48.45735879317211,45,"价格趋势上升信号, 市场走势: 强势上升",20250630_133833
FLOKI,FLOKI,7.647e-05,738691344,68314346.0,3.97463,0,49.41350909427916,45,"价格趋势上升信号, 市场走势: 强势上升",20250630_133833
MSOL,Marinade Staked SOL,196.54,744429134,7453501.0,0.75647,0,50.13261157742402,45,"价格趋势上升信号, 市场走势: 强势上升",20250630_133833
JUPSOL,Jupiter Staked SOL,168.75,762966682,2857796.0,0.6873,0,50.21058495494208,45,"价格趋势上升信号, 市场走势: 强势上升",20250630_133833
CAKE,PancakeSwap,2.29,774206565,47934183.0,2.9777,0,49.42182712657521,45,"价格趋势上升信号, 市场走势: 强势上升",20250630_133833
PLUME,Plume,0.08489,215852518,15425928.0,7.22169,0,38.045380486334096,40,"价格趋势上升信号, 市场走势: 上升趋势",20250630_133833
DAG,Constellation,0.03464259,98726068,3524568.0,6.84838,0,44.00669862995511,40,"价格趋势上升信号, 市场走势: 上升趋势",20250630_133833
USR,Resolv USR,0.999762,222100033,2572687.0,0.02646,0,27.512885251027754,40,"新鲜度指标低估, 价格趋势上升信号, 市场走势: 可能回升",20250630_133833
BORG,SwissBorg,0.209448,205815741,192178.0,1.23975,0,54.55636674956704,35,"价格趋势上升信号, 市场走势: 上升趋势",20250630_133833
CSPR,Casper Network,0.01137219,150116985,2689306.0,-0.61672,0,52.32111180775035,35,"价格趋势上升信号, 市场走势: 上升趋势",20250630_133833
ETH,Bridged Ether (StarkGate),2498.44,149599419,983820.0,2.78982,0,44.358726094926034,35,"价格趋势上升信号, 市场走势: 上升趋势",20250630_133833
STG,Stargate Finance,0.155177,150749652,4335656.0,0.66611,0,36.431869409171384,35,"价格趋势上升信号, 市场走势: 上升趋势",20250630_133833
SC,Siacoin,0.00296557,166231093,4891330.0,1.13038,0,44.60373370887602,35,"价格趋势上升信号, 市场走势: 上升趋势",20250630_133833
YFI,yearn.finance,5149.54,174166801,14212701.0,2.96759,0,50.96723191722505,35,"价格趋势上升信号, 市场走势: 上升趋势",20250630_133833
WETH,Ronin Bridged WETH (Ronin),2485.62,174293071,688721.0,2.31392,0,44.66675726248599,35,"价格趋势上升信号, 市场走势: 上升趋势",20250630_133833
GAS,Gas,2.79,181853321,2530572.0,1.10831,0,41.47865603305683,35,"价格趋势上升信号, 市场走势: 上升趋势",20250630_133833
ZRX,0x Protocol,0.221612,187944051,16478004.0,2.14157,0,44.249791361884434,35,"价格趋势上升信号, 市场走势: 上升趋势",20250630_133833
WETH,Wrapped Ether (Mantle Bridge),2497.97,189899264,1985346.0,2.69002,0,44.47758437599918,35,"价格趋势上升信号, 市场走势: 上升趋势",20250630_133833
WBETH,Wrapped Beacon ETH,2682.06,190261016,4787850.0,2.84887,0,43.75282657201467,35,"价格趋势上升信号, 市场走势: 上升趋势",20250630_133833
ZIL,Zilliqa,0.01093413,205158145,8498295.0,1.72861,0,46.227863616938755,35,"价格趋势上升信号, 市场走势: 上升趋势",20250630_133833
QTUM,Qtum,1.99,210699572,13332906.0,1.6839,0,43.64529214292862,35,"价格趋势上升信号, 市场走势: 上升趋势",20250630_133833
AKT,Akash Network,1.098,297886288,5071105.0,0.7344,0,40.86505616614464,35,"价格趋势上升信号, 市场走势: 上升趋势",20250630_133833
KSM,Kusama,13.4,223830382,9736650.0,0.37582,0,38.98903110833616,35,"价格趋势上升信号, 市场走势: 上升趋势",20250630_133833
GLM,Golem,0.22616,225996665,5346794.0,2.19784,0,48.735232764947334,35,"价格趋势上升信号, 市场走势: 上升趋势",20250630_133833
SFRXETH,Staked Frax Ether,2811.97,232511417,46835.0,2.53434,0,43.30344922351104,35,"价格趋势上升信号, 市场走势: 上升趋势",20250630_133833
ETH+,ETHPlus,2639.35,239267805,213881.0,3.56977,0,44.16096061662452,35,"价格趋势上升信号, 市场走势: 上升趋势",20250630_133833
MOCA,Moca Network,0.072787,246039823,16007316.0,-1.95993,0,46.62177233850097,35,"价格趋势上升信号, 市场走势: 上升趋势",20250630_133833
DCR,Decred,14.7,248232154,2769048.0,1.2181,0,44.62020961315555,35,"价格趋势上升信号, 市场走势: 上升趋势",20250630_133833
TETH,Treehouse ETH,3019.97,252670780,21589.0,2.78272,0,44.85503538793051,35,"价格趋势上升信号, 市场走势: 上升趋势",20250630_133833
1INCH,1inch,0.18137,252850762,9254364.0,2.51092,0,38.934097094456874,35,"价格趋势上升信号, 市场走势: 上升趋势",20250630_133833
AMP,Amp,0.00340455,286833992,7948041.0,1.55794,0,35.730874483267044,35,"价格趋势上升信号, 市场走势: 上升趋势",20250630_133833
GNO,Gnosis,111.51,294290590,6082615.0,2.82236,0,42.74054663883763,35,"价格趋势上升信号, 市场走势: 上升趋势",20250630_133833
RON,Ronin,0.450498,294764289,5898754.0,3.42551,0,33.37713748861282,35,"价格趋势上升信号, 市场走势: 上升趋势",20250630_133833
AGENTFUN,AgentFun.AI,1.5,149653154,8921.98,0.4529,0,32.779605614676626,35,"价格趋势上升信号, 市场走势: 上升趋势",20250630_133833
IOST,IOST,0.00329472,86387506,5023017.0,1.35537,0,43.051610154149266,35,"价格趋势上升信号, 市场走势: 上升趋势",20250630_133833
ANKR,Ankr Network,0.01420662,142161752,8281873.0,1.59464,0,42.10635890596745,35,"价格趋势上升信号, 市场走势: 上升趋势",20250630_133833
LUNA,Terra,0.15049,103556160,8281211.0,2.40182,0,39.50065833262398,35,"价格趋势上升信号, 市场走势: 上升趋势",20250630_133833
FRXETH,Frax Ether,2491.12,301048468,239351.0,2.63697,0,43.90498263624565,35,"价格趋势上升信号, 市场走势: 上升趋势",20250630_133833
BICO,Biconomy,0.092444,88986187,6507237.0,1.92645,0,48.200271943406236,35,"价格趋势上升信号, 市场走势: 上升趋势",20250630_133833
BAND,Band Protocol,0.582439,90883197,7576141.0,2.10678,0,38.121773724669026,35,"价格趋势上升信号, 市场走势: 上升趋势",20250630_133833
AGIX,SingularityNET,0.304161,91282731,32692.0,2.73976,0,48.7833434740713,35,"价格趋势上升信号, 市场走势: 上升趋势",20250630_133833
RSWETH,Restaked Swell ETH,2604.4,91700140,225084.0,3.0685,0,46.13348138550221,35,"价格趋势上升信号, 市场走势: 上升趋势",20250630_133833
ACH,Alchemy Pay,0.01867674,92370641,16226048.0,1.76859,0,45.44860645370873,35,"价格趋势上升信号, 市场走势: 上升趋势",20250630_133833
LRC,Loopring,0.077191,96103252,7809378.0,1.4424,0,45.711830404908746,35,"价格趋势上升信号, 市场走势: 上升趋势",20250630_133833
HIVE,Hive,0.201686,97004034,1117786.0,1.14307,0,41.00323052315837,35,"价格趋势上升信号, 市场走势: 上升趋势",20250630_133833
BMX,BitMart,0.289104,98180016,5901647.0,0.88442,0,52.232202099314875,35,"价格趋势上升信号, 市场走势: 上升趋势",20250630_133833
XVS,Venus,5.93,98763206,7885129.0,1.87639,0,45.643940542815514,35,"价格趋势上升信号, 市场走势: 上升趋势",20250630_133833
REQ,Request,0.137638,102526320,2265243.0,1.62066,0,51.08818652264697,35,"价格趋势上升信号, 市场走势: 上升趋势",20250630_133833
OZO,Ozone Chain,0.130569,108708070,234495.0,1.14849,0,47.37435517425062,35,"价格趋势上升信号, 市场走势: 上升趋势",20250630_133833
VANA,Vana,4.55,140074949,7425617.0,2.62303,0,37.63787054075088,35,"价格趋势上升信号, 市场走势: 上升趋势",20250630_133833
ME,Magic Eden,0.739088,110892934,6942880.0,0.42351,0,39.45506927492949,35,"价格趋势上升信号, 市场走势: 上升趋势",20250630_133833
BABY,Babylon,0.04865405,111627667,13553346.0,0.09093,0,38.85416900284218,35,"价格趋势上升信号, 市场走势: 上升趋势",20250630_133833
ONT,Ontology,0.123035,112392186,6053888.0,2.05516,0,45.07161945185992,35,"价格趋势上升信号, 市场走势: 上升趋势",20250630_133833
MASK,Mask Network,1.26,125930962,17722708.0,1.23487,0,36.604306734380216,35,"价格趋势上升信号, 市场走势: 上升趋势",20250630_133833
AIXBT,aixbt by Virtuals,0.13339,126378190,51794848.0,1.10041,0,33.700571164776235,35,"价格趋势上升信号, 市场走势: 上升趋势",20250630_133833
CETH,cETH,50.21,126573280,15.14,2.79124,0,43.96746248772792,35,"价格趋势上升信号, 市场走势: 上升趋势",20250630_133833
ZIG,ZIGChain,0.090602,127568634,1986251.0,3.14231,0,43.017432209318976,35,"价格趋势上升信号, 市场走势: 上升趋势",20250630_133833
UXLINK,UXLINK,0.322736,132011186,11753293.0,-0.0847,0,41.228427116544864,35,"价格趋势上升信号, 市场走势: 上升趋势",20250630_133833
TDCCP,TDCCP,0.208535,133462438,959615.0,-0.49527,0,40.916620545280814,35,"价格趋势上升信号, 市场走势: 上升趋势",20250630_133833
DGB,DigiByte,0.00761281,135293480,2178379.0,0.71677,0,36.215982958583865,35,"价格趋势上升信号, 市场走势: 上升趋势",20250630_133833
OETH,Origin Ether,2497.07,137137871,1585135.0,2.77897,0,44.27090005249925,35,"价格趋势上升信号, 市场走势: 上升趋势",20250630_133833
CHEEMS,Cheems Token,1.47e-06,298937230,4310216.0,1.4584,0,41.27444234204527,35,"价格趋势上升信号, 市场走势: 上升趋势",20250630_133833
EZETH,Renzo Restaked ETH,2624.87,836160316,4446447.0,2.81979,0,45.91421225995362,35,"价格趋势上升信号, 市场走势: 上升趋势",20250630_133833
TRIP,Trip,10.34,304960473,10655.99,0.8114,0,83.56545951961763,35,"价格趋势上升信号, 市场走势: 上升趋势",20250630_133833
LTC,Litecoin,86.96,6611775881,224908710.0,0.82844,0,49.60758802006602,35,"价格趋势上升信号, 市场走势: 上升趋势",20250630_133833
INJ,Injective,11.03,1078092904,84957495.0,1.56142,0,45.35673212711387,35,"价格趋势上升信号, 市场走势: 上升趋势",20250630_133833
RSETH,Kelp DAO Restaked ETH,2615.48,1145633209,3899459.0,2.78426,0,46.21140461557848,35,"价格趋势上升信号, 市场走势: 上升趋势",20250630_133833
RETH,Rocket Pool ETH,2845.07,1175170169,690572.0,2.80441,0,46.469690431956685,35,"价格趋势上升信号, 市场走势: 上升趋势",20250630_133833
FLR,Flare,0.0175669,1187913333,3775863.0,1.64465,0,44.75059879770892,35,"价格趋势上升信号, 市场走势: 上升趋势",20250630_133833
NEXO,NEXO,1.2,1204839724,7496358.0,0.55143,0,46.29743511093115,35,"价格趋势上升信号, 市场走势: 上升趋势",20250630_133833
WETH,Binance-Peg WETH,2498.92,1511996979,33945334.0,2.83247,0,45.59217151303238,35,"价格趋势上升信号, 市场走势: 上升趋势",20250630_133833
JLP,Jupiter Perpetuals Liquidity Provider Token,4.48,1525511988,24030713.0,0.59365,0,52.74242610319774,35,"价格趋势上升信号, 市场走势: 上升趋势",20250630_133833
ETC,Ethereum Classic,16.73,2552042471,38699228.0,3.02674,0,46.75990550523115,35,"价格趋势上升信号, 市场走势: 上升趋势",20250630_133833
DOT,Polkadot,3.45,5251939066,131949574.0,1.97006,0,36.01724771854028,35,"价格趋势上升信号, 市场走势: 上升趋势",20250630_133833
USDE,Ethena USDe,0.999632,5300356880,59715341.0,-0.0161,0,55.11745634838781,35,"价格趋势上升信号, 价格低于价格区间底部",20250630_133833
WEETH,Wrapped eETH,2674.25,6487375094,9644469.0,2.79872,0,45.75475618836219,35,"价格趋势上升信号, 市场走势: 上升趋势",20250630_133833
WETH,WETH,2497.1,6766775931,232403026.0,2.78531,0,45.68216656711699,35,"价格趋势上升信号, 市场走势: 上升趋势",20250630_133833
TIA,Celestia,1.47,1016066292,86214924.0,1.61989,0,37.80955130663911,35,"价格趋势上升信号, 市场走势: 上升趋势",20250630_133833
SHIB,Shiba Inu,1.154e-05,6806944379,112953843.0,0.2433,0,45.1127626597191,35,"价格趋势上升信号, 市场走势: 上升趋势",20250630_133833
TON,Toncoin,2.88,7118492350,105665900.0,1.22284,0,43.269284241514306,35,"价格趋势上升信号, 市场走势: 上升趋势",20250630_133833
LINK,Chainlink,13.38,9078176233,280253823.0,0.77963,0,47.59042336354864,35,"价格趋势上升信号, 市场走势: 上升趋势",20250630_133833
BCH,Bitcoin Cash,500.08,9950148644,262843476.0,1.17718,0,58.53911088294121,35,"价格趋势上升信号, 市场走势: 上升趋势",20250630_133833
WSTETH,Wrapped stETH,3016.55,10243850488,14215053.0,2.90244,0,45.48667606258642,35,"价格趋势上升信号, 市场走势: 上升趋势",20250630_133833
ADA,Cardano,0.567252,20495507339,617635619.0,1.07529,0,33.70996670326993,35,"价格趋势上升信号, 市场走势: 上升趋势",20250630_133833
STETH,Lido Staked Ether,2495.35,22703698222,54909865.0,2.7405,0,45.40162781153384,35,"价格趋势上升信号, 市场走势: 上升趋势",20250630_133833
DOGE,Dogecoin,0.166838,25006993292,704531334.0,2.31773,0,43.97922733934493,35,"价格趋势上升信号, 市场走势: 上升趋势",20250630_133833
TRX,TRON,0.277641,26320826421,330342622.0,0.56637,0,53.32028167581835,35,"价格趋势上升信号, 市场走势: 上升趋势",20250630_133833
XRP,XRP,2.19,129235261117,1379416659.0,0.31298,0,44.83287677890611,35,"价格趋势上升信号, 市场走势: 上升趋势",20250630_133833
ETH,Ethereum,2497.09,301505066305,12483222373.0,2.74859,0,45.363508915977604,35,"价格趋势上升信号, 市场走势: 上升趋势",20250630_133833
LUNC,Terra Luna Classic,5.653e-05,308959209,7000814.0,1.84083,0,37.69192045752096,35,"价格趋势上升信号, 市场走势: 上升趋势",20250630_133833
STX,Stacks,0.669762,1026430789,21718063.0,1.53041,0,54.84269890850214,35,"价格趋势上升信号, 市场走势: 上升趋势",20250630_133833
XDC,XDC Network,0.059447,964542412,21963219.0,-1.3415,0,51.15513545148631,35,"价格趋势上升信号, 市场走势: 上升趋势",20250630_133833
MANA,Decentraland,0.254426,488020448,22643959.0,1.59961,0,43.4101544184527,35,"价格趋势上升信号, 市场走势: 上升趋势",20250630_133833
WETH,Polygon PoS Bridged WETH (Polygon POS),2496.3,319308958,11467486.0,2.74214,0,43.628441971266874,35,"价格趋势上升信号, 市场走势: 上升趋势",20250630_133833
SWETH,Swell Ethereum,2730.88,331764640,200488.0,2.80804,0,43.629897062352796,35,"价格趋势上升信号, 市场走势: 上升趋势",20250630_133833
JST,JUST,0.03412401,338027424,17775950.0,0.99744,0,56.37824528543362,35,"价格趋势上升信号, 市场走势: 上升趋势",20250630_133833
CBETH,Coinbase Wrapped Staked ETH,2752.85,347688643,2789388.0,2.72962,0,43.32573519546309,35,"价格趋势上升信号, 市场走势: 上升趋势",20250630_133833
CHZ,Chiliz,0.03596563,348488832,23912384.0,2.07988,0,45.438354945107655,35,"价格趋势上升信号, 市场走势: 上升趋势",20250630_133833
AXS,Axie Infinity,2.28,376400755,14030882.0,3.26396,0,44.78411110414466,35,"价格趋势上升信号, 市场走势: 上升趋势",20250630_133833
EETH,ether.fi Staked ETH,2493.54,380380514,11029.64,2.68924,0,43.137915207872375,35,"价格趋势上升信号, 市场走势: 上升趋势",20250630_133833
ETHX,Stader ETHx,2661.05,386881766,1300.18,3.0591,0,45.81384144157009,35,"价格趋势上升信号, 市场走势: 上升趋势",20250630_133833
EGLD,MultiversX,13.64,387408741,11538153.0,2.1163,0,45.035987354390606,35,"价格趋势上升信号, 市场走势: 上升趋势",20250630_133833
NEO,NEO,5.55,391543203,20485678.0,1.90441,0,46.302002519155046,35,"价格趋势上升信号, 市场走势: 上升趋势",20250630_133833
METH,Mantle Staked Ether,2671.51,937890700,596647.0,2.95598,0,45.37539569204168,35,"价格趋势上升信号, 市场走势: 上升趋势",20250630_133833
DOGE,Binance-Peg Dogecoin,0.166841,427807786,1246673.0,2.35818,0,42.30125314563731,35,"价格趋势上升信号, 市场走势: 上升趋势",20250630_133833
WETH,Arbitrum Bridged WETH (Arbitrum One),2496.64,495650170,238613069.0,2.76658,0,44.85016202290695,35,"价格趋势上升信号, 市场走势: 上升趋势",20250630_133833
CGETH.HASHKEY,cgETH Hashkey Cloud,2634.19,526685008,44.88,3.70053,0,46.276171610510445,35,"价格趋势上升信号, 市场走势: 上升趋势",20250630_133833
CMETH,Mantle Restaked ETH,2670.4,528066675,3374843.0,2.63663,0,44.75295015062556,35,"价格趋势上升信号, 市场走势: 上升趋势",20250630_133833
FLOW,Flow,0.333206,530382328,12997490.0,2.66477,0,41.609956243591235,35,"价格趋势上升信号, 市场走势: 上升趋势",20250630_133833
WETH,L2 Standard Bridged WETH (Base),2496.53,539892894,313739261.0,2.73825,0,45.11966712223071,35,"价格趋势上升信号, 市场走势: 上升趋势",20250630_133833
SUPEROETH,Super OETH,2496.74,555311765,309052.0,2.76379,0,44.982754086559936,35,"价格趋势上升信号, 市场走势: 上升趋势",20250630_133833
XTZ,Tezos,0.539324,565875430,10571836.0,1.90314,0,41.94419985575902,35,"价格趋势上升信号, 市场走势: 上升趋势",20250630_133833
BTT,BitTorrent,6.04919e-07,596502708,8236904.0,1.24311,0,33.28451179057052,35,"价格趋势上升信号, 市场走势: 上升趋势",20250630_133833
ENS,Ethereum Name Service,19.02,630981435,38084031.0,3.21226,0,40.15004775728485,35,"价格趋势上升信号, 市场走势: 上升趋势",20250630_133833
ZEC,Zcash,40.27,649417341,15999756.0,3.6647,0,40.967235953800504,35,"价格趋势上升信号, 市场走势: 上升趋势",20250630_133833
LSETH,Liquid Staked ETH,2697.37,713970452,765337.0,2.77359,0,46.14045965670305,35,"价格趋势上升信号, 市场走势: 上升趋势",20250630_133833
OSETH,StakeWise Staked ETH,2621.0,924040126,89971.0,2.77411,0,46.005146268467165,35,"价格趋势上升信号, 市场走势: 上升趋势",20250630_133833
EBTC,Ether.fi Staked BTC,107197.0,327547933,183522.0,0.28869,0,49.98539914150934,30,"价格趋势上升信号, 市场走势: 可能回升",20250630_133833
VRSC,Verus,2.2,173664902,4694.17,-1.30624,0,44.35474119395281,30,"价格趋势上升信号, 市场走势: 可能回升",20250630_133833
SDEUSD,Elixir Staked deUSD,1.046,92219332,1468.01,-0.00064,0,50.99096433480916,30,"价格趋势上升信号, 市场走势: 可能回升",20250630_133833
USDC.E,Arbitrum Bridged USDC (Arbitrum),0.99927,86280910,16834886.0,-0.07082,0,52.6918435258579,30,"价格趋势上升信号, 市场走势: 可能回升",20250630_133833
